benchmark,device,mode,batch_size,num_workers,img_size,cpu_threads,augmentation,dataset_images,seconds_per_batch,images_per_sec,estimated_epoch_min,config
A_batch_workers,xpu,end_to_end,16,0,128,8,ON,8299,0.3227270916664565,49.57749260336733,2.7899084726457533,
A_batch_workers,xpu,end_to_end,16,2,128,8,ON,8299,0.15258066333365908,104.86256679204266,1.3190280468812883,
A_batch_workers,xpu,end_to_end,16,4,128,8,ON,8299,0.0972151566668496,164.583389551395,0.8404047762272758,
A_batch_workers,xpu,end_to_end,32,0,128,8,ON,8299,0.7253584800001893,44.11611759194109,3.135286471625818,
A_batch_workers,xpu,end_to_end,32,2,128,8,ON,8299,0.28673332166678545,111.60195757501599,1.23937491485034,
A_batch_workers,xpu,end_to_end,32,4,128,8,ON,8299,0.14631806500025657,218.7016346884022,0.6324445944985049,
A_batch_workers,xpu,end_to_end,64,0,128,8,ON,8299,1.3221847133333238,48.404734493300374,2.857502847904493,
A_batch_workers,xpu,end_to_end,64,2,128,8,ON,8299,0.5896253250000882,108.54350599677926,1.274297024004097,
A_batch_workers,xpu,end_to_end,64,4,128,8,ON,8299,0.2962179316667971,216.05714292810222,0.640185576797591,
A_batch_workers,xpu,end_to_end,128,0,128,8,ON,8299,2.776168245000008,46.10671569726842,2.999924513705087,
A_batch_workers,xpu,end_to_end,128,2,128,8,ON,8299,0.9126285016663436,140.25422147816803,0.9861854082459617,
A_batch_workers,xpu,end_to_end,128,4,128,8,ON,8299,0.7144701100003659,179.15375074253905,0.7720556566266975,
B_cpu_threads,xpu,end_to_end,32,4,128,4,ON,8299,0.1250161799996931,255.9668676492799,0.5403694155299236,
B_cpu_threads,xpu,end_to_end,32,4,128,8,ON,8299,0.15522244166689536,206.15575722401945,0.6709328351008149,
B_cpu_threads,xpu,end_to_end,32,4,128,12,ON,8299,0.15362345999995644,208.301518531148,0.6640214034060617,
B_cpu_threads,xpu,end_to_end,32,4,128,14,ON,8299,0.15790206500017423,202.65726100519768,0.6825152278314822,
C_resolution,xpu,end_to_end,32,4,96,4,ON,8299,0.10365081499979473,308.7288797494103,0.4480198508767169,
C_resolution,xpu,end_to_end,32,4,128,4,ON,8299,0.15175425666651185,210.86723168709344,0.6559419667059281,
C_resolution,xpu,end_to_end,32,4,160,4,ON,8299,0.18768561999974434,170.4978783139784,0.8112515418634784,
C_resolution,xpu,end_to_end,32,4,256,4,ON,8299,0.6145886566663952,52.067345618729696,2.6564954487887573,
D_augmentation,xpu,end_to_end,32,4,96,4,OFF,8299,0.12346366666655134,259.18556336436274,0.5336588383675571,
D_augmentation,xpu,end_to_end,32,4,96,4,ON,8299,0.13193872333328424,242.53683218660754,0.5702913879911072,
E_final_candidates,xpu,end_to_end,16,2,128,4,ON,8299,0.0867494440000155,184.43922245769255,0.7499308705793006,E1_b16_w2_s128
E_final_candidates,xpu,end_to_end,32,0,128,4,ON,8299,0.46085984100034694,69.43542733196384,1.9920186564905622,E2_b32_w0_s128
E_final_candidates,xpu,end_to_end,32,2,128,4,ON,8299,0.20626889299976028,155.13730419854045,0.891575803648443,E3_b32_w2_s128
E_final_candidates,xpu,end_to_end,64,2,128,4,ON,8299,0.419657588999944,152.5052844928024,0.9069631070600352,E4_b64_w2_s128
E_final_candidates,xpu,end_to_end,128,0,128,4,ON,8299,1.9236002679998274,66.54189133228562,2.0786404458503345,E5_b128_w0_s128
E_final_candidates,xpu,end_to_end,16,2,96,4,ON,8299,0.08883913600027882,180.10080602258205,0.767995822569077,E6_b16_w2_s96
E_final_candidates,xpu,end_to_end,32,2,96,4,ON,8299,0.1815882089999286,176.22289561770268,0.784896117963754,E7_b32_w2_s96
E_final_candidates,xpu,end_to_end,64,2,96,4,ON,8299,0.36551439500024574,175.09570313901582,0.7899489489862082,E8_b64_w2_s96
E_final_candidates,xpu,end_to_end,16,2,160,4,ON,8299,0.12492959199993493,128.0721384250445,1.0799902958411043,E9_b16_w2_s160
E_final_candidates,xpu,end_to_end,32,2,160,4,ON,8299,0.24660610200000518,129.76159040865633,1.0659291877593975,E10_b32_w2_s160
