benchmark,batch_size,num_workers,img_size,cpu_threads,dataset_images,seconds_per_batch,images_per_sec,estimated_epoch_min,augmentation
A_batch_workers,16,0,128,8,8299,0.19020614999960042,84.11925692220579,1.6442925404652955,
A_batch_workers,16,2,128,8,8299,0.17352072333317967,92.20800658649956,1.5000505030646438,
A_batch_workers,16,4,128,8,8299,0.18362281333320424,87.13514246710838,1.587380966512773,
A_batch_workers,32,0,128,8,8299,0.36708310000006655,87.17372169951217,1.586678461927371,
A_batch_workers,32,2,128,8,8299,0.4344702600003075,73.65291239952155,1.877952441532579,
A_batch_workers,32,4,128,8,8299,0.40550814000028673,78.9133357470392,1.7527666947199891,
A_batch_workers,64,0,128,8,8299,0.7744831433335396,82.63575592430641,1.6738113558658974,
A_batch_workers,64,2,128,8,8299,0.708899883333288,90.28073146107504,1.5320729509851452,
A_batch_workers,64,4,128,8,8299,0.9686191800001931,66.07343868617927,2.093377753859792,
A_batch_workers,128,0,128,8,8299,1.4130588200003937,90.58363189719472,1.5269498889561546,
A_batch_workers,128,2,128,8,8299,1.546402509999704,82.77275752742052,1.6710409414697325,
A_batch_workers,128,4,128,8,8299,1.6171339133331155,79.15238122498833,1.7474732222332716,
B_threads,16,2,128,4,8299,0.2642647533335548,60.54534249523927,2.284513737411637,
B_threads,16,2,128,8,8299,0.1940799900003185,82.44023508025604,1.6777810802215034,
B_threads,16,2,128,12,8299,0.20387589333307307,78.4791165763807,1.7624646237199724,
B_threads,16,2,128,14,8299,0.21945026333293452,72.90945910475361,1.897101807708358,
C_resolution,16,2,96,8,8299,0.09785292333326652,163.51070008922838,0.8459181361903947,
C_resolution,16,2,128,8,8299,0.16410507333384886,97.49850918655169,1.4186541704141786,
C_resolution,16,2,160,8,8299,0.22727630666655993,70.39889126442824,1.9647563219018551,
D_augmentation,16,2,128,8,8299,0.15034354333329247,106.42292741850602,1.2996886105447856,OFF
D_augmentation,16,2,128,8,8299,0.1500018133334379,106.66537720069904,1.2967344258897928,ON
